<?xml version="1.0" encoding="UTF-8"?>
<archetype-descriptor xsi:schemaLocation="https://maven.apache.org/plugins/maven-archetype-plugin/archetype-descriptor/1.1.0 http://maven.apache.org/xsd/archetype-descriptor-1.1.0.xsd" name="besu-maven-generator"
    xmlns="https://maven.apache.org/plugins/maven-archetype-plugin/archetype-descriptor/1.1.0"
    xmlns:xsi="http://www.w3.org/2001/XMLSchema-instance">
  <fileSets>
    <fileSet filtered="true" encoding="UTF-8">
      <directory>src/main/java</directory>
      <includes>
        <include>**/*.java</include>
      </includes>
    </fileSet>
    <fileSet encoding="UTF-8">
      <directory>src/main/resources</directory>
      <includes>
        <include>**/*.sol</include>
      </includes>
    </fileSet>
    <fileSet encoding="UTF-8">
      <directory>.vscode</directory>
      <includes>
        <include>**/*.json</include>
      </includes>
    </fileSet>
    <fileSet encoding="UTF-8">
      <directory>.settings</directory>
      <includes>
        <include>**/*.prefs</include>
      </includes>
    </fileSet>
    <fileSet filtered="true" encoding="UTF-8">
      <directory></directory>
      <includes>
        <include>.classpath</include>
        <include>.project</include>
      </includes>
    </fileSet>
    <fileSet encoding="UTF-8">
      <directory></directory>
      <includes>
        <include>README.md</include>
        <include>.gitignore</include>
        <include>config.toml</include>
      </includes>
    </fileSet>
  </fileSets>
</archetype-descriptor>
